[
  {
    "name": "Cartoon Astronout T-Shirts",
    "price": "5.99",
    "description": "Cotton-Rich Material: This easy-to-maintain and breathable T-shirt in a cotton-rich blend is an ideal choice for warmer days.",
    "ratings": 4.7,
    "images": [
      {
        "public_id": "products/f1_oimjmn",
        "url": "https://res.cloudinary.com/hateybazarey/image/upload/v1674859605/products/f1_oimjmn.jpg"
      }
    ],
    "category": "Clothes/Shoes",
    "seller": "addias",
    "stock": 1250,
    "numOfReviews": 7312,
    "reviews": []
  },
  {
    "name": "Cartoon Astronout T-Shirts",
    "price": "4.59",
    "description": "Cotton-Rich Material: This easy-to-maintain and breathable T-shirt in a cotton-rich blend is an ideal choice for warmer days.",
    "ratings": 4.5,
    "images": [
      {
        "public_id": "products/f2_yx0ly0",
        "url": "https://res.cloudinary.com/hateybazarey/image/upload/v1674859605/products/f2_yx0ly0.jpg"
      }
    ],
    "category": "Clothes/Shoes",
    "seller": "addias",
    "stock": 510,
    "numOfReviews": 422,
    "reviews": []
  },
  {
    "name": "Cartoon Astronout T-Shirts",
    "price": "6.8",
    "description": "Cotton-Rich Material: This easy-to-maintain and breathable T-shirt in a cotton-rich blend is an ideal choice for warmer days.",
    "ratings": 3.5,
    "images": [
      {
        "public_id": "products/f3_rquolt",
        "url": "https://res.cloudinary.com/hateybazarey/image/upload/v1674859603/products/f3_rquolt.jpg"
      }
    ],
    "category": "Clothes/Shoes",
    "seller": "addias",
    "stock": 50,
    "numOfReviews": 132,
    "reviews": []
  },
  {
    "name": "Cartoon Astronout T-Shirts",
    "price": "7",
    "description": "Cotton-Rich Material: This easy-to-maintain and breathable T-shirt in a cotton-rich blend is an ideal choice for warmer days.",
    "ratings": 2.5,
    "images": [
      {
        "public_id": "products/f6_xver4x",
        "url": "https://res.cloudinary.com/hateybazarey/image/upload/v1674859603/products/f6_xver4x.jpg"
      }
    ],
    "category": "Clothes/Shoes",
    "seller": "addias",
    "stock": 50,
    "numOfReviews": 32,
    "reviews": []
  },
  {
    "name": "Cartoon Astronout T-Shirts",
    "price": "4.99",
    "description": "Cotton-Rich Material: This easy-to-maintain and breathable T-shirt in a cotton-rich blend is an ideal choice for warmer days.",
    "ratings": 1.5,
    "images": [
      {
        "public_id": "products/f7_jnr9vm",
        "url": "https://res.cloudinary.com/hateybazarey/image/upload/v1674859605/products/f7_jnr9vm.jpg"
      }
    ],
    "category": "Clothes/Shoes",
    "seller": "addias",
    "stock": 50,
    "numOfReviews": 22,
    "reviews": []
  },
  {
    "name": "Cartoon Astronout T-Shirts",
    "price": "7",
    "description": "Cotton-Rich Material: This easy-to-maintain and breathable T-shirt in a cotton-rich blend is an ideal choice for warmer days.",
    "ratings": 4,
    "images": [
      {
        "public_id": "products/f3_rquolt",
        "url": "https://res.cloudinary.com/hateybazarey/image/upload/v1674859605/products/f3_rquolt.jpg"
      }
    ],
    "category": "Clothes/Shoes",
    "seller": "addias",
    "stock": 50,
    "numOfReviews": 32,
    "reviews": []
  },
  {
    "name": "Cartoon Astronout T-Shirts",
    "price": "7",
    "description": "Cotton-Rich Material: This easy-to-maintain and breathable T-shirt in a cotton-rich blend is an ideal choice for warmer days.",
    "ratings": 3.5,
    "images": [
      {
        "public_id": "products/f4_jixwmr",
        "url": "https://res.cloudinary.com/hateybazarey/image/upload/v1674859605/products/f4_jixwmr.jpg"
      }
    ],
    "category": "Clothes/Shoes",
    "seller": "addias",
    "stock": 50,
    "numOfReviews": 32,
    "reviews": []
  },
  {
    "name": "Cartoon Astronout T-Shirts",
    "price": "5.39",
    "description": "Cotton-Rich Material: This easy-to-maintain and breathable T-shirt in a cotton-rich blend is an ideal choice for warmer days.",
    "ratings": 3.5,
    "images": [
      {
        "public_id": "products/f8_nbcssp",
        "url": "https://res.cloudinary.com/hateybazarey/image/upload/v1674859603/products/f8_nbcssp.jpg"
      }
    ],
    "category": "Clothes/Shoes",
    "seller": "addias",
    "stock": 50,
    "numOfReviews": 112,
    "reviews": []
  },
  {
    "name": "Cartoon Astronout T-Shirts",
    "price": "5",
    "description": "Cotton-Rich Material: This easy-to-maintain and breathable T-shirt in a cotton-rich blend is an ideal choice for warmer days.",
    "ratings": 4,
    "images": [
      {
        "public_id": "products/f5_pdvdcj",
        "url": "https://res.cloudinary.com/hateybazarey/image/upload/v1674859603/products/f5_pdvdcj.jpg"
      }
    ],
    "category": "Clothes/Shoes",
    "seller": "addias",
    "stock": 50,
    "numOfReviews": 32,
    "reviews": []
  },
  {
    "name": "SanDisk Ultra 128GB SDXC UHS-I Memory Card up to 80MB/s",
    "price": "45.89",
    "description": "Ultra-fast cards (2) to take better pictures and Full HD videos (1) with your compact to mid-range point-and-shoot cameras and camcorders. With SanDisk Ultra SDXC UHS-I cards you’ll benefit from faster downloads, high capacity, and better performance to capture and store 128GB (5) of high quality pictures and Full HD video (1). Take advantage of ultra-fast read speeds of up to 80MB/s (3) to save time moving photos and videos from the card to your computer. From a leader in flash memory storage, SanDisk Ultra SDXC UHS-I cards are compatible with SDHC and SDXC digital devices, and come with a 10-year limited warranty (6).",
    "ratings": 4.5,
    "images": [
      {
        "public_id": "products/dsvbpny402gelwugv2le_rqmfph",
        "url": "https://res.cloudinary.com/hateybazarey/image/upload/v1674114987/products/dsvbpny402gelwugv2le_rqmfph.jpg"
      }
    ],
    "category": "Electronics",
    "seller": "Ebay",
    "stock": 50,
    "numOfReviews": 32,
    "reviews": []
  },
  {
    "name": "CAN USB FD Adapter (GC-CAN-USB-FD)",
    "price": "315.00",
    "description": "Monitor a CAN network, write a CAN program and communicate with industrial, medical, automotive or other CAN based device. Connect CAN FD and CAN networks to a computer via USB with the CAN USB FD adapter.",
    "ratings": 1.65,
    "images": [
      {
        "public_id": "products/61oXGZ60GfL_fixco9_wmufed",
        "url": "https://res.cloudinary.com/hateybazarey/image/upload/v1674116656/products/61oXGZ60GfL_fixco9_wmufed.jpg"
      }
    ],
    "category": "Electronics",
    "seller": "Amazon",
    "stock": 0,
    "numOfReviews": 2,
    "reviews": []
  },
  {
    "name": "CHARMOUNT Full Motion TV Wall Mount Swivel",
    "price": "26.99 ",
    "description": "CHARMOUNT TV MOUNT UNIVERSAL DESIGN - Has your TV been received? Tilted TV wall mount is for 26 - 55 TVs weight up to 88lbs 40 kg. Our tilt TV mount has a compatible faceplate that fits VESA 75X75mm (3x3). CHARMOUNT TV MOUNT UNIVERSAL DESIGN - Has your TV been received? Tilted TV wall mount is for 26 - 55 TVs weight up to 88lbs 40 kg. Our tilt TV mount has a compatible faceplate that fits VESA 75X75mm (3x3) CHARMOUNT TV MOUNT UNIVERSAL DESIGN - Has your TV been received? Tilted TV wall mount is for 26 - 55 TVs weight up to 88lbs 40 kg. Our tilt TV mount has a compatible faceplate that fits VESA 75X75mm (3x3).",
    "ratings": 3.5,
    "images": [
      {
        "public_id": "products/chairmount_nuubea_ja66gd",
        "url": "https://res.cloudinary.com/hateybazarey/image/upload/v1674116726/products/chairmount_nuubea_ja66gd.jpg"
      }
    ],
    "category": "Electronics",
    "seller": "Amazon",
    "stock": 1,
    "numOfReviews": 12,
    "reviews": []
  },
  {
    "name": "Bose QuietComfort 35 II Wireless Bluetooth Headphones",
    "price": "299.00 ",
    "description": "What happens when you clear away the noisy distractions of the world? Concentration goes to the next level. You get deeper into your music, your work, or whatever you want to focus on. That’s the power of Bose QuietComfort 35 wireless headphones II. Put them on and get closer to what you’re most passionate about. And that’s just the beginning. QuietComfort 35 wireless headphones II are now enabled with Bose AR",
    "ratings": 4.5,
    "images": [
      {
        "public_id": "products/headphones_t2afnb_zvhnea",
        "url": "https://res.cloudinary.com/hateybazarey/image/upload/v1674116762/products/headphones_t2afnb_zvhnea.jpg"
      }
    ],
    "category": "Headphones",
    "seller": "Amazon",
    "stock": 11,
    "numOfReviews": 112,
    "reviews": []
  },
  {
    "name": "Apple AirPods with Charging Case (Wired)",
    "price": "126.99 ",
    "description": "AirPods with Charging Case: More than 24 hours listening time, up to 18 hours talk time; AirPods (single charge): Up to 5 hours listening time, up to 3 hours talk time or 15 minutes in the case equals up to 3 hours listening time or up to 2 hours talk time.",
    "ratings": 4.8,
    "images": [
      {
        "public_id": "products/airpords_e5cqqr_uaydff",
        "url": "https://res.cloudinary.com/hateybazarey/image/upload/v1674116807/products/airpords_e5cqqr_uaydff.jpg"
      }
    ],
    "category": "Electronics",
    "seller": "Amazon",
    "stock": 122,
    "numOfReviews": 2671,
    "reviews": []
  },
  {
    "name": "Cable Boom Microphone - Volume Control for Playstation PS4 or Xbox",
    "price": "27.99",
    "description": "DESIGN INFO - 3.5mm male to 2.5mm male audio cable adapter with Upgraded Flexible, Detachable Boom Mic which also enables rotary Volume Control and Mute Switch. SteelFlex Arm for perfect microphone positioning. INPUT COMPATIBILITY - Devices supporting 3.5mm audio output such as gaming PS4 / Xbox One controller, PC, Laptop, iPhone and Android Phone.",
    "ratings": 4.1,
    "images": [
      {
        "public_id": "products/eahhtj1bkn1k9gjgd3hn_oej9or",
        "url": "https://res.cloudinary.com/hateybazarey/image/upload/v1674116851/products/eahhtj1bkn1k9gjgd3hn_oej9or.jpg"
      }
    ],
    "category": "Accessories",
    "seller": "Amazon",
    "stock": 1123,
    "numOfReviews": 6,
    "reviews": []
  },
  {
    "name": "Nikon D3500 W/ AF-P DX NIKKOR 18-55mm f/3.5-5.6G VR Black",
    "price": "496.95",
    "description": "You don't need to be a photographer to know a great photo when you see one. And you don't need to be a photographer to take a great photo—you just need the D3500. It's as easy to use as a point-and-shoot, but it takes beautiful DSLR photos and videos that get noticed. It feels outstanding in your hands, sturdy and balanced with controls where you want them. It's compact, durable and versatile, ideal for travel. And it works seamlessly with compatible smartphones, making it easier than ever to share your great photos. Even if you've never picked up a DSLR camera, you can take beautiful pictures with D3500.",
    "ratings": 4.7,
    "images": [
      {
        "public_id": "products/camera_ridc0i_iqhwy8",
        "url": "https://res.cloudinary.com/hateybazarey/image/upload/v1674116975/products/camera_ridc0i_iqhwy8.webp"
      }
    ],
    "category": "Cameras",
    "seller": "Amazon",
    "stock": 131,
    "numOfReviews": 222,
    "reviews": []
  },
  {
    "name": "Apple MacBook Air (13-inch, 8GB RAM, 256GB SSD Storage) - Space Gray ",
    "price": "949.99",
    "description": "Stunning 13.3-inch Retina display with True Tone technology, Backlit Magic Keyboard and Touch ID, Tenth-generation, Intel Core i3 processor, Intel Iris Plus Graphics, Fast SSD storage, 8GB of memory, Stereo speakers with wider stereo sound",
    "ratings": 4.9,
    "images": [
      {
        "public_id": "products/macbook_o2cj2k_lt1uks",
        "url": "https://res.cloudinary.com/hateybazarey/image/upload/v1674117027/products/macbook_o2cj2k_lt1uks.avif"
      }
    ],
    "category": "Laptops",
    "seller": "Amazon",
    "stock": 0,
    "numOfReviews": 56,
    "reviews": []
  },
  {
    "name": "Kauffman Orchards Homegrown McIntosh Apples",
    "price": "2.75",
    "description": "McIntosh is a pretty red/green apple with white flesh Homegrown in Kauffman's orchard in healthy Lancaster County soil McIntosh apples are famous for snacking, pies, salads, and applesauce Protected with soft, high-density foam for safe shipping to your door Not for sale to California, Oregon, or Washington due to state laws governing fresh produce",
    "ratings": 5,
    "images": [
      {
        "public_id": "products/wmoa49q9e70ze9xtcra2_zrmub8",
        "url": "https://res.cloudinary.com/hateybazarey/image/upload/v1674117130/products/wmoa49q9e70ze9xtcra2_zrmub8.jpg"
      }
    ],
    "category": "Food",
    "seller": "Kauffman's Fruit Farm & Market",
    "stock": 500,
    "numOfReviews": 1,
    "reviews": []
  }
]
